Date,Open,High,Low,Close,Volume,Dividends,Stock Splits,SMA_20,SMA_50,EMA_20,RSI
2023-08-29 00:00:00-04:00,527.7000122070312,541.969970703125,526.1500244140625,540.5700073242188,2167000,0.0,0.0,521.1604995727539,511.4555969238281,521.9660020446802,62.36498375382209
2023-08-30 00:00:00-04:00,540.0999755859375,546.0,536.0900268554688,545.3599853515625,1930300,0.0,0.0,521.9134994506836,512.6455969238282,524.1940004548594,63.29340340075757
2023-08-31 00:00:00-04:00,547.0,562.0999755859375,546.760009765625,559.3400268554688,3919300,0.0,0.0,523.6925003051758,514.2827972412109,527.5412410644412,71.62403146211486
2023-09-01 00:00:00-04:00,564.7999877929688,569.97998046875,558.52001953125,563.2100219726562,2232300,0.0,0.0,525.509001159668,515.9953979492187,530.9382678176046,69.00872585914561
2023-09-05 00:00:00-04:00,557.8800048828125,567.5900268554688,555.4199829101562,564.8800048828125,2349700,0.0,0.0,527.2665023803711,517.5985980224609,534.1708142047672,71.81181392415061
2023-09-06 00:00:00-04:00,560.4500122070312,564.0599975585938,555.8499755859375,561.9400024414062,2299900,0.0,0.0,529.3335037231445,519.2471978759766,536.8154987987328,72.683812995192
2023-09-07 00:00:00-04:00,554.0,561.8300170898438,551.0800170898438,560.4600219726562,2089400,0.0,0.0,531.6675033569336,520.6709985351563,539.0673581486303,73.62711579858345
2023-09-08 00:00:00-04:00,568.9000244140625,570.239990234375,558.030029296875,560.3599853515625,2262000,0.0,0.0,533.8940017700195,522.2295983886719,541.0952274060525,76.16468781034288
2023-09-11 00:00:00-04:00,562.0,565.4299926757812,556.7000122070312,564.5,2083300,0.0,0.0,536.696501159668,523.8441986083984,543.3242533673808,74.03120711021094
2023-09-12 00:00:00-04:00,555.6300048828125,559.0900268554688,540.3699951171875,542.2100219726562,3961300,0.0,0.0,537.6945022583008,524.9085992431641,543.2181360916928,60.06554881592114
2023-09-13 00:00:00-04:00,557.02001953125,559.8499755859375,546.4299926757812,553.5599975585938,3465200,0.0,0.0,539.4375015258789,526.2755993652344,544.2030752790167,60.10792252646494
2023-09-14 00:00:00-04:00,551.0900268554688,555.1900024414062,544.3400268554688,552.1599731445312,4786900,0.0,0.0,541.3210006713867,527.5735986328125,544.9608750757324,70.66041101438309
2023-09-15 00:00:00-04:00,532.1099853515625,537.6900024414062,523.6199951171875,528.8900146484375,9769000,0.0,0.0,542.1820007324219,528.5255987548828,543.4303169397995,51.79324743791175
2023-09-18 00:00:00-04:00,524.22998046875,533.97998046875,522.1799926757812,532.4199829101562,2650700,0.0,0.0,543.3964996337891,529.4685986328125,542.3817136988811,51.185283958848416
2023-09-19 00:00:00-04:00,531.3499755859375,542.4000244140625,529.469970703125,541.6900024414062,2385800,0.0,0.0,544.4575012207031,530.3753985595703,542.3158364362644,50.53804553712485
2023-09-20 00:00:00-04:00,541.6900024414062,548.8499755859375,535.72998046875,535.780029296875,2626000,0.0,0.0,545.2725036621093,530.9961993408203,541.6933786134654,45.44678683403768
2023-09-21 00:00:00-04:00,519.47998046875,526.2899780273438,513.4000244140625,513.8800048828125,3844600,0.0,0.0,544.4310028076172,531.1265997314454,539.0444858772128,29.90627277961019
2023-09-22 00:00:00-04:00,513.0900268554688,518.1500244140625,508.8299865722656,512.9000244140625,2702100,0.0,0.0,544.4545043945312,531.0389996337891,536.5545371664366,27.179518130328404
2023-09-25 00:00:00-04:00,511.45001220703125,514.25,507.2200012207031,511.6000061035156,2219500,0.0,0.0,543.7815048217774,530.9743994140625,534.1779151604441,25.75094634809777
2023-09-26 00:00:00-04:00,510.1400146484375,510.1400146484375,502.010009765625,506.29998779296875,2375400,0.0,0.0,542.600505065918,530.6603991699219,531.5228744587797,25.209397088673413
2023-09-27 00:00:00-04:00,507.510009765625,509.25,498.70001220703125,502.6000061035156,3311100,0.0,0.0,540.7020050048828,530.0677996826172,528.7683155678022,24.720364355011995
2023-09-28 00:00:00-04:00,500.0,508.67999267578125,499.25,504.6700134277344,2720000,0.0,0.0,538.6675064086915,529.6178002929687,526.47323917351,26.080233927143155
2023-09-29 00:00:00-04:00,505.44000244140625,518.5800170898438,505.44000244140625,509.8999938964844,2795900,0.0,0.0,536.1955047607422,529.4782000732422,524.8948348614124,26.76593674623146
2023-10-02 00:00:00-04:00,508.239990234375,522.4099731445312,508.239990234375,521.1300048828125,2411500,0.0,0.0,534.09150390625,529.4962005615234,524.5362796253553,40.0976941497048
2023-10-03 00:00:00-04:00,517.52001953125,520.489990234375,504.54998779296875,507.0299987792969,2004100,0.0,0.0,531.1990036010742,529.1596008300781,522.8690147828735,28.69309884438995
2023-10-04 00:00:00-04:00,511.92999267578125,519.760009765625,510.0,518.4199829101562,2027200,0.0,0.0,529.0230026245117,529.0211999511719,522.4452974616623,35.84493640417813
2023-10-05 00:00:00-04:00,519.8400268554688,522.6099853515625,509.239990234375,516.4400024414062,1818800,0.0,0.0,526.8220016479493,529.0590002441406,521.8733646025903,43.640812081587256
2023-10-06 00:00:00-04:00,513.219970703125,531.3099975585938,509.5199890136719,526.6799926757812,2523300,0.0,0.0,525.1380020141602,529.3132006835938,522.331138704799,47.256218176810606
2023-10-09 00:00:00-04:00,522.0,530.0,518.75,529.2899780273438,1713500,0.0,0.0,523.3775009155273,529.3216003417969,522.9938853069461,43.66957737771773
2023-10-10 00:00:00-04:00,530.9099731445312,537.0,530.4000244140625,532.719970703125,2090900,0.0,0.0,522.9029983520508,529.0526000976563,523.9201791542013,48.39720309766652
2023-10-11 00:00:00-04:00,538.5900268554688,551.3400268554688,536.1099853515625,549.9099731445312,3307500,0.0,0.0,522.7204971313477,529.0688000488282,526.3953976294708,69.85123553398569
2023-10-12 00:00:00-04:00,553.7000122070312,574.4000244140625,552.22998046875,559.6300048828125,4624000,0.0,0.0,523.0939987182617,529.655400390625,529.5605983202653,73.48476482843408
2023-10-13 00:00:00-04:00,560.0,562.8900146484375,546.989990234375,548.760009765625,2832600,0.0,0.0,524.087498474121,530.155400390625,531.3891136960139,67.03650050074475
2023-10-16 00:00:00-04:00,553.1799926757812,555.5700073242188,545.6900024414062,550.739990234375,2179700,0.0,0.0,525.003498840332,530.6326000976562,533.232054318715,71.01382267699428
2023-10-17 00:00:00-04:00,545.4099731445312,560.7999877929688,543.3400268554688,560.0900268554688,2355300,0.0,0.0,525.9235000610352,531.2398010253906,535.7899564650725,75.80574061506942
2023-10-18 00:00:00-04:00,554.47998046875,568.1799926757812,554.239990234375,557.8699951171875,2614500,0.0,0.0,527.0279983520508,531.9852014160156,537.8928172890834,73.84793688985026
2023-10-19 00:00:00-04:00,560.0,567.0999755859375,553.469970703125,555.739990234375,2809300,0.0,0.0,529.120997619629,532.8244006347657,539.5925480457779,71.13610402314653
2023-10-20 00:00:00-04:00,555.739990234375,555.97998046875,535.9500122070312,540.9600219726562,2728100,0.0,0.0,530.5239974975586,533.3270007324219,539.7227836578616,58.85347746184417
2023-10-23 00:00:00-04:00,535.8099975585938,548.030029296875,531.0,540.4099731445312,2172600,0.0,0.0,531.9644958496094,533.9661999511719,539.7882302756396,66.95447134761847
2023-10-24 00:00:00-04:00,544.6400146484375,546.0,532.1199951171875,539.5599975585938,2358100,0.0,0.0,533.6274963378906,534.3123999023437,539.7664938263972,62.02503343392443
2023-10-25 00:00:00-04:00,533.5599975585938,534.4600219726562,517.6300048828125,521.1400146484375,2526000,0.0,0.0,534.5544967651367,534.3611999511719,537.9925434284962,52.252257522197915
2023-10-26 00:00:00-04:00,530.0,530.989990234375,511.67999267578125,514.280029296875,2876700,0.0,0.0,535.0349975585938,534.3570007324219,535.7342087492942,43.858973514157604
2023-10-27 00:00:00-04:00,517.5,519.8599853515625,506.9200134277344,508.1199951171875,2985600,0.0,0.0,534.9459976196289,534.2860003662109,533.1042836414746,39.87179764210915
2023-10-30 00:00:00-04:00,516.1099853515625,530.75,512.239990234375,526.9400024414062,2806900,0.0,0.0,535.2364974975586,534.6622003173828,532.5172092414681,47.5896730014564
2023-10-31 00:00:00-04:00,530.6400146484375,532.6400146484375,522.8099975585938,532.0599975585938,2052300,0.0,0.0,536.4879974365234,534.8940008544922,532.4736652716706,41.723099947472335
2023-11-01 00:00:00-04:00,535.0,545.27001953125,534.0,544.5,2644500,0.0,0.0,537.7919982910156,535.3944012451171,533.6190304838924,43.15694337397558
2023-11-02 00:00:00-04:00,550.4400024414062,559.3599853515625,550.0,558.7100219726562,2634800,0.0,0.0,539.9054992675781,535.9544012451172,536.0086487209176,54.3682525221399
2023-11-03 00:00:00-04:00,560.0,567.030029296875,557.6599731445312,563.6599731445312,2066300,0.0,0.0,541.7544982910156,536.9790008544921,538.6421081898332,55.52797269453446
2023-11-06 00:00:00-05:00,566.0,567.8800048828125,558.1699829101562,565.4500122070312,2593400,0.0,0.0,543.5625,537.7868011474609,541.1952419057568,52.45195926672966
2023-11-07 00:00:00-05:00,568.8099975585938,589.0,568.8099975585938,585.2000122070312,3993600,0.0,0.0,546.1865020751953,538.8924017333984,545.38617241064,60.77427004936999
2023-11-08 00:00:00-05:00,589.0,595.6699829101562,581.0700073242188,585.3099975585938,3079200,0.0,0.0,547.9565032958984,539.7872015380859,549.18844147235,61.84600909487908
2023-11-09 00:00:00-05:00,587.510009765625,590.0399780273438,576.3400268554688,577.739990234375,2336600,0.0,0.0,548.8620025634766,540.4348016357421,551.9076365925429,65.63773673822206
2023-11-10 00:00:00-05:00,580.489990234375,598.1400146484375,576.010009765625,597.219970703125,3062700,0.0,0.0,551.2850006103515,541.1924005126953,556.2230969840268,70.80495523506342
2023-11-13 00:00:00-05:00,589.97998046875,594.260009765625,583.3599853515625,590.3400268554688,2505100,0.0,0.0,553.2650024414063,541.7350006103516,559.4723284003546,67.81006309880284
2023-11-14 00:00:00-05:00,601.5599975585938,613.7100219726562,599.0399780273438,604.3300170898438,2884900,0.0,0.0,555.477001953125,542.5240008544922,563.744489227925,80.11295021344418
2023-11-15 00:00:00-05:00,605.0,605.72998046875,591.7899780273438,595.3099975585938,3088900,0.0,0.0,557.3490020751954,543.191400756836,566.7507281165601,78.8794571790172
2023-11-16 00:00:00-05:00,595.4500122070312,605.27001953125,592.1400146484375,602.0599975585938,2040400,0.0,0.0,559.6650024414063,544.0234002685547,570.113515682468,83.34044572838218
2023-11-17 00:00:00-05:00,602.0700073242188,605.0499877929688,597.02001953125,602.6599731445312,1968500,0.0,0.0,562.75,544.8694000244141,573.2131782979027,80.86581809858384
2023-11-20 00:00:00-05:00,605.3099975585938,614.2000122070312,604.5,612.7000122070312,2393900,0.0,0.0,566.364501953125,545.8334002685547,576.9738291463912,81.60371626631967
2023-11-21 00:00:00-05:00,610.6300048828125,615.5700073242188,607.030029296875,610.989990234375,1906200,0.0,0.0,569.936001586914,547.2089996337891,580.213463535723,78.45100732839899
2023-11-22 00:00:00-05:00,616.6300048828125,624.3800048828125,614.010009765625,619.719970703125,2064400,0.0,0.0,574.8649993896485,548.5321990966797,583.9759880278566,77.39067291066678
2023-11-24 00:00:00-05:00,616.260009765625,619.4400024414062,613.5999755859375,619.4299926757812,942700,0.0,0.0,580.1224975585938,549.8775994873047,587.3525598990875,76.13159026640189
2023-11-27 00:00:00-05:00,618.7999877929688,625.8300170898438,614.5700073242188,619.27001953125,1854400,0.0,0.0,585.6799987792969,551.685199584961,590.3923179592936,75.6090888338893
2023-11-28 00:00:00-05:00,613.97998046875,625.5999755859375,612.260009765625,623.3200073242188,2302900,0.0,0.0,590.4989990234375,553.5032000732422,593.5282883750007,71.32470636438131
2023-11-29 00:00:00-05:00,625.9400024414062,628.5999755859375,616.77001953125,617.3900146484375,2595600,0.0,0.0,594.7654998779296,555.0172003173828,595.8008337343756,66.8487679154739
2023-11-30 00:00:00-05:00,620.0,621.47998046875,605.0700073242188,611.010009765625,3960300,0.0,0.0,598.0910003662109,556.5217999267578,597.2493266897327,67.69495759801279
2023-12-01 00:00:00-05:00,609.239990234375,615.2000122070312,603.1799926757812,612.469970703125,2490000,0.0,0.0,600.7789978027344,558.4935992431641,598.6989118338653,60.03423243680011
2023-12-04 00:00:00-05:00,604.9099731445312,608.2899780273438,596.2100219726562,604.5599975585938,2541500,0.0,0.0,602.8239990234375,560.3267987060547,599.2571104743156,59.23136174670773
2023-12-05 00:00:00-05:00,596.77001953125,602.739990234375,591.1699829101562,602.219970703125,2577700,0.0,0.0,604.6624969482422,562.1391979980468,599.5392876389641,48.38607272873267
2023-12-06 00:00:00-05:00,608.0599975585938,608.530029296875,594.489990234375,595.7000122070312,2080400,0.0,0.0,605.1874969482421,563.9271984863282,599.1736423597323,50.31017610624624
2023-12-07 00:00:00-05:00,598.9199829101562,609.22998046875,596.469970703125,608.780029296875,2605200,0.0,0.0,606.3609985351562,566.0507989501953,600.0885363537459,54.8555219704861
2023-12-08 00:00:00-05:00,605.0,610.22998046875,601.2999877929688,610.010009765625,2498800,0.0,0.0,607.9744995117187,568.1575988769531,601.0334385834486,55.26281517324204
2023-12-11 00:00:00-05:00,616.8800048828125,627.8200073242188,614.3400268554688,625.2000122070312,3270600,0.0,0.0,609.373501586914,570.463599243164,603.3350170237899,58.33557189023745
2023-12-12 00:00:00-05:00,625.8599853515625,633.8900146484375,623.0,633.6599731445312,2968900,0.0,0.0,611.5394989013672,572.7141986083984,606.2231080829081,63.86886034318078
2023-12-13 00:00:00-05:00,630.4099731445312,632.4500122070312,618.030029296875,624.260009765625,6188500,0.0,0.0,612.5359985351563,575.058798828125,607.9409082431669,52.75488541804008
2023-12-14 00:00:00-05:00,593.0,593.1599731445312,578.2999877929688,584.6400146484375,11315300,0.0,0.0,612.0024993896484,576.3831994628906,605.7217755198593,35.710163501086285
2023-12-15 00:00:00-05:00,580.5999755859375,591.6599731445312,578.2000122070312,584.6799926757812,8663700,0.0,0.0,611.1334991455078,577.7479992675782,603.7177962013757,35.77827353691802
2023-12-18 00:00:00-05:00,591.52001953125,603.1300048828125,586.6199951171875,599.1300048828125,5452000,0.0,0.0,610.9570007324219,579.1969995117188,603.280863694846,40.8378023616073
2023-12-19 00:00:00-05:00,600.0,612.7100219726562,598.0800170898438,604.6400146484375,4150700,0.0,0.0,610.5540008544922,580.7040002441406,603.410306642807,45.15540119333868
2023-12-20 00:00:00-05:00,600.7100219726562,610.6799926757812,595.0700073242188,596.0599975585938,2587300,0.0,0.0,609.8075012207031,581.97080078125,602.7102772062152,44.41287528860458
2023-12-21 00:00:00-05:00,603.0,607.4000244140625,594.8200073242188,600.1400146484375,3192800,0.0,0.0,608.8285034179687,582.9754016113282,602.4654902959508,45.48054981341781
2023-12-22 00:00:00-05:00,600.7999877929688,601.8599853515625,596.0,598.75,1659800,0.0,0.0,607.7945037841797,583.7578015136719,602.1116340772887,47.76349232678466
2023-12-26 00:00:00-05:00,598.9199829101562,601.6900024414062,596.5,598.260009765625,1595100,0.0,0.0,606.7440032958984,584.7478015136719,601.7448127142732,48.4536224989346
2023-12-27 00:00:00-05:00,598.5999755859375,599.7899780273438,593.7100219726562,596.0800170898438,1394900,0.0,0.0,605.3820037841797,585.6546020507812,601.2053083690894,50.153599447377516
2023-12-28 00:00:00-05:00,597.4400024414062,599.0399780273438,593.6300048828125,595.52001953125,1702600,0.0,0.0,604.2885040283203,586.3632019042968,600.6638522892952,44.03668918933756
2023-12-29 00:00:00-05:00,596.0900268554688,600.75,592.9400024414062,596.5999755859375,1893900,0.0,0.0,603.568002319336,587.1378015136719,600.2768164127849,43.96107115881687
2024-01-02 00:00:00-05:00,589.510009765625,590.4400024414062,576.760009765625,580.0700073242188,2840200,0.0,0.0,601.9480041503906,587.6244018554687,598.3523584043501,29.91899267164493
2024-01-03 00:00:00-05:00,574.5800170898438,577.2999877929688,570.1900024414062,571.7899780273438,2478000,0.0,0.0,600.3095031738281,588.2410009765625,595.8226078922543,22.426228973081194
2024-01-04 00:00:00-05:00,570.989990234375,572.9099731445312,566.6599731445312,567.0499877929688,2092100,0.0,0.0,598.5510040283203,588.7738012695313,593.082358358989,23.398103385740825
2024-01-05 00:00:00-05:00,563.5,569.52001953125,563.3400268554688,564.5999755859375,1922900,0.0,0.0,596.9960021972656,589.2746008300782,590.3697504758413,35.758923227195524
2024-01-08 00:00:00-05:00,567.8699951171875,581.510009765625,567.8699951171875,580.5499877929688,2830000,0.0,0.0,595.5845001220703,590.4628002929687,589.4345349822345,47.60634986218099
2024-01-09 00:00:00-05:00,578.3300170898438,588.2000122070312,577.280029296875,586.2000122070312,1926900,0.0,0.0,594.3940002441407,591.9011999511719,589.1264851941199,41.65484227535691
2024-01-10 00:00:00-05:00,585.4299926757812,593.6500244140625,585.4299926757812,591.030029296875,2135700,0.0,0.0,592.6855010986328,593.5594006347657,589.307775108668,41.13818307835133
2024-01-11 00:00:00-05:00,592.0,597.8400268554688,584.52001953125,597.489990234375,2331800,0.0,0.0,590.877001953125,594.970400390625,590.0870336920686,50.95754185286331
2024-01-12 00:00:00-05:00,598.3900146484375,599.3800048828125,593.02001953125,596.5399780273438,1477000,0.0,0.0,589.491000366211,596.26,590.7015998192377,47.48389870925194
2024-01-16 00:00:00-05:00,592.8300170898438,597.760009765625,588.3400268554688,597.6799926757812,2126100,0.0,0.0,590.1429992675781,597.3235998535156,591.366208662718,49.24953874736198
2024-01-17 00:00:00-05:00,591.989990234375,596.75,582.4400024414062,596.0999755859375,2588300,0.0,0.0,590.713998413086,598.0713989257813,591.8170436077864,48.507851593002286
2024-01-18 00:00:00-05:00,586.9000244140625,596.8900146484375,584.2100219726562,593.7000122070312,2793600,0.0,0.0,590.4424987792969,598.6721997070313,591.9963739505716,48.36087762867409
2024-01-19 00:00:00-05:00,593.8099975585938,612.0700073242188,589.1300048828125,611.5499877929688,3760100,0.0,0.0,590.7879974365235,599.59419921875,593.8586228879427,58.91644039036989
2024-01-22 00:00:00-05:00,615.0,620.9600219726562,603.1500244140625,603.5900268554688,4488000,0.0,0.0,591.1644989013672,599.9619995117188,594.7854232658024,53.61168454454458
2024-01-23 00:00:00-05:00,602.2100219726562,604.3200073242188,591.3400268554688,597.1799926757812,2723500,0.0,0.0,591.0164978027344,600.1993994140626,595.0134774953242,59.873041275673145
2024-01-24 00:00:00-05:00,601.7100219726562,616.9500122070312,597.4600219726562,606.47998046875,2999000,0.0,0.0,591.4029968261718,600.77419921875,596.1055253975552,69.78442409242648
2024-01-25 00:00:00-05:00,615.4199829101562,627.0599975585938,612.239990234375,622.5800170898438,3806200,0.0,0.0,592.6189971923828,601.2814001464844,598.6269055587255,78.03696499493377
2024-01-26 00:00:00-05:00,620.7000122070312,622.5,613.0,613.9299926757812,2137800,0.0,0.0,593.5114959716797,601.7531994628906,600.0843424270165,73.43913220257191
2024-01-29 00:00:00-05:00,615.7100219726562,636.25,615.7100219726562,630.22998046875,3212200,0.0,0.0,595.2469940185547,602.2711987304688,602.9553555738482,73.52717590181192
2024-01-30 00:00:00-05:00,630.0,630.469970703125,620.8900146484375,627.9600219726562,2007400,0.0,0.0,596.8149963378906,602.92419921875,605.3367523737347,70.43054291454357
2024-01-31 00:00:00-05:00,620.0,625.9299926757812,612.1699829101562,617.780029296875,2666800,0.0,0.0,598.7004974365234,603.2385998535157,606.5218263664148,62.436084712655024
2024-02-01 00:00:00-05:00,619.0,628.7999877929688,618.780029296875,627.9099731445312,1687600,0.0,0.0,601.5064971923828,603.7435998535157,608.5587927262353,63.67560133836235
2024-02-02 00:00:00-05:00,624.7899780273438,638.25,617.010009765625,634.760009765625,2542200,0.0,0.0,604.8919982910156,604.1847998046875,611.0541467299868,66.31662109351589
2024-02-05 00:00:00-05:00,633.030029296875,634.5900268554688,624.5399780273438,630.5,2131200,0.0,0.0,608.1869995117188,604.575,612.9061327557023,63.647715672653604
2024-02-06 00:00:00-05:00,625.5800170898438,626.4600219726562,604.6699829101562,607.1400146484375,3436200,0.0,0.0,609.5165008544922,604.3234008789062,612.3569786502485,53.88679306909673
2024-02-07 00:00:00-05:00,613.25,620.4199829101562,610.1500244140625,615.8499755859375,2313800,0.0,0.0,610.9989990234375,604.2518005371094,612.689645025076,57.46645286035889
2024-02-08 00:00:00-05:00,615.8499755859375,621.3400268554688,612.510009765625,615.8599853515625,1815700,0.0,0.0,612.2404968261719,604.1835998535156,612.991582199027,51.651467505976534
2024-02-09 00:00:00-05:00,616.0,628.0700073242188,615.7999877929688,627.2100219726562,2091400,0.0,0.0,613.7264984130859,604.2614001464843,614.345719320325,58.82133039129424
2024-02-12 00:00:00-05:00,626.0,626.3499755859375,611.5800170898438,611.8400268554688,2317200,0.0,0.0,614.4915008544922,604.150400390625,614.1070819427197,55.131628986151284
2024-02-13 00:00:00-05:00,596.7000122070312,608.3900146484375,590.0,601.8900146484375,2985200,0.0,0.0,614.702001953125,603.9680004882813,612.9435517242166,48.400597207925344
2024-02-14 00:00:00-05:00,605.8499755859375,610.3300170898438,602.5,604.6599731445312,1615100,0.0,0.0,615.1300018310546,603.8118005371093,612.1546394785323,43.116143190749064
2024-02-15 00:00:00-05:00,606.0,607.3200073242188,589.77001953125,590.4400024414062,3677400,0.0,0.0,614.9670013427734,603.5294006347656,610.0865788083299,41.34678599405162
2024-02-16 00:00:00-05:00,589.9000244140625,590.1400146484375,546.3699951171875,546.6599731445312,10323000,0.0,0.0,611.7225006103515,602.4182006835938,604.045949697492,24.39799688186112
2024-02-20 00:00:00-05:00,531.5,545.8800048828125,528.010009765625,541.9099731445312,6567600,0.0,0.0,608.6384979248047,601.3423999023438,598.128237644829,24.0328084801655
2024-02-21 00:00:00-05:00,539.760009765625,542.5700073242188,529.3699951171875,538.52001953125,4493500,0.0,0.0,605.7054992675781,599.9371997070313,592.4512644911548,25.059767628377486
2024-02-22 00:00:00-05:00,553.9400024414062,555.5499877929688,534.5599975585938,537.5700073242188,5023400,0.0,0.0,602.2600006103515,598.4883996582031,587.2244780943038,19.83035549764942
2024-02-23 00:00:00-05:00,543.489990234375,557.1799926757812,541.47998046875,553.4400024414062,4546500,0.0,0.0,598.8029998779297,597.0531994628906,584.0069089845041,24.385774349766123
2024-02-26 00:00:00-05:00,556.5599975585938,570.5999755859375,556.5599975585938,560.47998046875,4251200,0.0,0.0,596.1304992675781,595.589599609375,581.7662491258608,28.32464586965706
2024-02-27 00:00:00-05:00,565.9099731445312,565.9099731445312,548.5399780273438,552.489990234375,3247600,0.0,0.0,592.2434997558594,594.15419921875,578.9780339933383,31.30343450879508
2024-02-28 00:00:00-05:00,552.0,557.2000122070312,549.760009765625,551.8200073242188,2313200,0.0,0.0,588.4364990234375,593.4977990722656,576.391555262946,26.819200872549985
2024-02-29 00:00:00-05:00,554.8900146484375,561.9400024414062,553.22998046875,560.280029296875,3844400,0.0,0.0,585.5614990234375,593.0097998046875,574.8571242185583,31.03848931259624
2024-03-01 00:00:00-05:00,561.1099853515625,572.8900146484375,560.6699829101562,570.9299926757812,2903700,0.0,0.0,582.7125,592.4457995605469,574.4831116906747,30.70749964013244
2024-03-04 00:00:00-05:00,572.8499755859375,576.25,564.0999755859375,567.9400024414062,2556400,0.0,0.0,579.3714996337891,591.7117993164062,573.8599584288396,33.55556226205272
2024-03-05 00:00:00-05:00,562.5999755859375,564.1900024414062,539.3499755859375,544.8400268554688,4286800,0.0,0.0,575.0885009765625,590.6873999023437,571.0961554218519,30.546253449179417
2024-03-06 00:00:00-05:00,548.0,550.6400146484375,538.1500244140625,543.0900268554688,3209800,0.0,0.0,571.8860015869141,589.5464001464844,568.4289050821964,28.857906703017008
2024-03-07 00:00:00-05:00,550.0,558.3800048828125,541.5900268554688,556.0399780273438,2660500,0.0,0.0,568.8955017089844,588.6921997070312,567.2490072674485,38.08366992774214
2024-03-08 00:00:00-05:00,553.0,560.4400024414062,550.510009765625,551.6900024414062,2831100,0.0,0.0,565.6870025634765,587.7607995605468,565.7671972840159,52.39731167844398
2024-03-11 00:00:00-04:00,552.4500122070312,562.6900024414062,551.02001953125,560.4199829101562,2857800,0.0,0.0,562.3475006103515,587.0475988769531,565.2579387722197,58.49942546453295
2024-03-12 00:00:00-04:00,568.5999755859375,579.7899780273438,562.5999755859375,579.1400146484375,3469200,0.0,0.0,560.7125,586.7199987792969,566.5800412366214,66.35004210851122
2024-03-13 00:00:00-04:00,579.0599975585938,585.3499755859375,573.4099731445312,573.5499877929688,3466000,0.0,0.0,559.2954986572265,586.2589990234375,567.2438456705592,63.96089501904095
2024-03-14 00:00:00-04:00,578.0,579.5399780273438,568.760009765625,570.4500122070312,5908100,0.0,0.0,557.5850006103516,586.0665991210938,567.5491948645089,57.32622648810525
2024-03-15 00:00:00-04:00,499.6400146484375,503.1300048828125,485.0,492.4599914550781,19570500,0.0,0.0,552.6860000610352,584.4799993896485,560.3978421588488,31.816715595872225
2024-03-18 00:00:00-04:00,495.54998779296875,515.72998046875,495.54998779296875,513.8599853515625,7052700,0.0,0.0,551.0460006713868,583.4161993408203,555.9656653200597,40.36417409446707
2024-03-19 00:00:00-04:00,509.8900146484375,522.6799926757812,508.989990234375,521.1900024414062,7081800,0.0,0.0,550.0100021362305,582.5479998779297,552.6536974268546,42.60537490322811
2024-03-20 00:00:00-04:00,523.2899780273438,523.8699951171875,512.5,519.1400146484375,4239600,0.0,0.0,549.0410018920899,581.319800415039,549.4619181146244,39.75086268846174
2024-03-21 00:00:00-04:00,517.5999755859375,519.72998046875,506.20001220703125,511.25,5206600,0.0,0.0,547.725001525879,579.8208001708985,545.8226878179935,34.92472205160085
2024-03-22 00:00:00-04:00,509.07000732421875,511.5899963378906,496.6700134277344,499.5199890136719,5410300,0.0,0.0,545.0290008544922,577.9905993652344,541.4129069794867,33.44783579567276
2024-03-25 00:00:00-04:00,496.7900085449219,510.6300048828125,496.69000244140625,507.2300109863281,4277000,0.0,0.0,542.3665023803711,576.1853997802734,538.1573930753764,40.16937263079571
2024-03-26 00:00:00-04:00,508.05999755859375,512.7899780273438,503.5899963378906,507.6000061035156,2813300,0.0,0.0,540.1220031738281,574.4066003417969,535.247165744723,40.65609497457082
2024-03-27 00:00:00-04:00,515.469970703125,516.8599853515625,499.70001220703125,504.3999938964844,4228400,0.0,0.0,537.7510025024415,572.5410003662109,532.3093398544146,35.66830439985873
2024-03-28 00:00:00-04:00,508.1199951171875,509.0,500.260009765625,504.6000061035156,3897000,0.0,0.0,534.9670013427734,570.7110009765624,529.6703556876623,36.622927893008736
2024-04-01 00:00:00-04:00,504.989990234375,506.9200134277344,499.30999755859375,502.0899963378906,2056000,0.0,0.0,531.5250015258789,568.8788006591797,527.0436547972079,32.82291604320376
2024-04-02 00:00:00-04:00,494.3999938964844,500.75,491.3399963378906,499.2099914550781,3083300,0.0,0.0,528.0885009765625,566.6320007324218,524.392829717005,24.040282779514172
2024-04-03 00:00:00-04:00,497.3599853515625,498.8599853515625,494.7099914550781,497.010009765625,2604400,0.0,0.0,525.6970001220703,564.500400390625,521.7849421025878,24.581579357023102
2024-04-04 00:00:00-04:00,503.55999755859375,504.1099853515625,486.70001220703125,487.1099853515625,3403300,0.0,0.0,522.897998046875,562.2990002441406,518.4825652691569,23.519328303444127
2024-04-05 00:00:00-04:00,488.8399963378906,490.0899963378906,481.2799987792969,485.1199951171875,4971800,0.0,0.0,519.3519989013672,559.8718005371094,515.305177635636,45.48919038847235
2024-04-08 00:00:00-04:00,484.7799987792969,486.9800109863281,477.2300109863281,484.2799987792969,3439200,0.0,0.0,515.9814987182617,557.1058001708984,512.3503986969371,25.674384893417
2024-04-09 00:00:00-04:00,486.0,493.30999755859375,483.30999755859375,492.54998779296875,2548600,0.0,0.0,512.5879989624024,554.6782000732422,510.4646452775115,26.80596787698866
2024-04-10 00:00:00-04:00,489.3900146484375,491.7699890136719,480.2799987792969,487.2200012207031,2487900,0.0,0.0,507.99199829101565,551.8180004882812,508.2508696530536,25.45371512036411
2024-04-11 00:00:00-04:00,487.3599853515625,488.6700134277344,479.739990234375,484.2799987792969,2978500,0.0,0.0,503.528498840332,548.9444000244141,505.96792956983865,27.551203403822953
2024-04-12 00:00:00-04:00,477.95001220703125,478.7799987792969,468.6000061035156,474.0899963378906,5620000,0.0,0.0,498.710498046875,546.0705993652343,502.93193592870074,28.27611485824167
2024-04-15 00:00:00-04:00,477.0199890136719,478.5199890136719,468.3500061035156,470.1000061035156,3353200,0.0,0.0,497.5924987792969,542.914400024414,499.8050854691593,16.12843775159881
2024-04-16 00:00:00-04:00,470.0,478.9800109863281,468.489990234375,476.2200012207031,2660100,0.0,0.0,495.7104995727539,539.7435998535157,497.55888696930634,24.091804699586277
2024-04-17 00:00:00-04:00,477.30999755859375,481.0199890136719,472.69000244140625,474.45001220703125,2034800,0.0,0.0,493.37350006103514,536.6226000976562,495.3580417538516,24.67445063948624
2024-04-18 00:00:00-04:00,476.760009765625,477.6099853515625,471.8299865722656,473.17999267578125,2389700,0.0,0.0,491.0754989624023,533.9433996582031,493.2458466035592,23.903635394926482
2024-04-19 00:00:00-04:00,476.5400085449219,476.5799865722656,463.0899963378906,465.0199890136719,3280600,0.0,0.0,488.7639984130859,530.9267999267578,490.5576696902366,21.852679523137752
2024-04-22 00:00:00-04:00,470.2200012207031,471.5,462.2799987792969,466.8900146484375,2604300,0.0,0.0,487.1324996948242,527.9474005126954,488.30360730530333,25.07712937072317
2024-04-23 00:00:00-04:00,469.7200012207031,474.80999755859375,467.8299865722656,472.8999938964844,2205800,0.0,0.0,485.415998840332,524.8611999511719,486.83659650446344,32.439899480912175
2024-04-24 00:00:00-04:00,472.94000244140625,478.57000732421875,471.7300109863281,477.1199951171875,2338000,0.0,0.0,483.8919982910156,522.1667993164062,485.91120589615144,42.06765532616071
2024-04-25 00:00:00-04:00,468.4100036621094,474.5,465.7799987792969,473.44000244140625,2250900,0.0,0.0,482.34399871826173,519.5977990722656,484.7234722337948,40.96814295787477
2024-04-26 00:00:00-04:00,472.30999755859375,482.7900085449219,471.69000244140625,477.55999755859375,2460300,0.0,0.0,480.99199829101565,517.0557995605469,484.04123655044225,45.05445687537423
2024-04-29 00:00:00-04:00,478.0400085449219,481.67999267578125,471.07000732421875,473.07000732421875,2954700,0.0,0.0,479.540998840332,514.7083996582031,482.9963575765162,34.81921086152262
2024-04-30 00:00:00-04:00,472.0,475.4200134277344,462.4599914550781,462.8299865722656,3222600,0.0,0.0,477.7219985961914,513.0317999267578,481.0757508142066,32.34399010995517
2024-05-01 00:00:00-04:00,461.1199951171875,477.760009765625,460.3599853515625,469.3900146484375,2490200,0.0,0.0,476.340998840332,511.58140075683593,479.9628235603238,39.75789147099362
2024-05-02 00:00:00-04:00,474.29998779296875,477.1600036621094,468.29998779296875,476.57000732421875,2516400,0.0,0.0,475.81399993896486,510.3424005126953,479.63969820450427,51.779571010938234
2024-05-03 00:00:00-04:00,482.2699890136719,487.489990234375,477.57000732421875,486.17999267578125,2833200,0.0,0.0,475.8669998168945,509.3146002197266,480.26258339224495,60.67727932412294
2024-05-06 00:00:00-04:00,490.1000061035156,495.44000244140625,488.0,493.5899963378906,2104000,0.0,0.0,476.3324996948242,508.11760009765624,481.53186081563973,61.339593306296926
2024-05-07 00:00:00-04:00,492.510009765625,496.760009765625,489.1400146484375,492.2699890136719,2518300,0.0,0.0,476.31849975585936,506.7534002685547,482.5545396916428,61.70210548718876
2024-05-08 00:00:00-04:00,489.9700012207031,495.80999755859375,486.9200134277344,488.1000061035156,2165000,0.0,0.0,476.3625,505.4656005859375,483.0826793499164,59.43826658321696
2024-05-09 00:00:00-04:00,489.4100036621094,490.44000244140625,481.6499938964844,482.6499938964844,2301600,0.0,0.0,476.2809997558594,504.0822003173828,483.04147121149435,61.54853985035875
2024-05-10 00:00:00-04:00,483.5,489.4800109863281,480.29998779296875,482.2900085449219,2741100,0.0,0.0,476.6910003662109,502.52239990234375,482.9699033384874,60.29136505634252
2024-05-13 00:00:00-04:00,486.239990234375,490.1600036621094,481.7099914550781,483.1099853515625,2458200,0.0,0.0,477.3414993286133,500.76599975585935,482.98324448258984,57.331606501478106
2024-05-14 00:00:00-04:00,480.4100036621094,481.79998779296875,466.4800109863281,475.95001220703125,4287800,0.0,0.0,477.3279998779297,498.9261999511719,482.31341283729853,49.193892947435884
2024-05-15 00:00:00-04:00,480.760009765625,489.6099853515625,476.6099853515625,485.3500061035156,3491600,0.0,0.0,477.8729995727539,497.7363995361328,482.6026121959859,57.6063428581452
2024-05-16 00:00:00-04:00,484.70001220703125,486.2300109863281,481.3900146484375,482.8800048828125,2562900,0.0,0.0,478.35800018310545,496.5321990966797,482.6290305471123,53.47077932162059
2024-05-17 00:00:00-04:00,483.32000732421875,485.8800048828125,481.5199890136719,483.42999267578125,2260900,0.0,0.0,479.27850036621095,495.07999938964844,482.70531265460454,57.12516665043539
2024-05-20 00:00:00-04:00,483.0,485.3699951171875,478.32000732421875,484.69000244140625,1881100,0.0,0.0,480.1684997558594,493.73999938964846,482.894330729538,67.15319867335577
2024-05-21 00:00:00-04:00,481.19000244140625,487.5,477.1199951171875,481.8500061035156,1915800,0.0,0.0,480.6160003662109,492.1685998535156,482.7948712413454,60.383342056287724
2024-05-22 00:00:00-04:00,483.9700012207031,485.6700134277344,479.1400146484375,483.92999267578125,1875800,0.0,0.0,480.9565002441406,490.2643994140625,482.902978044625,56.70309512162583
2024-05-23 00:00:00-04:00,488.3800048828125,491.67999267578125,478.69000244140625,483.30999755859375,2219900,0.0,0.0,481.45,488.459599609375,482.9417418078601,46.87431865437896
2024-05-24 00:00:00-04:00,481.25,485.3800048828125,473.8999938964844,475.42999267578125,3083700,0.0,0.0,481.3434997558594,486.55919921875,482.22633712861455,30.42255541437987
2024-05-28 00:00:00-04:00,473.010009765625,478.6700134277344,469.6000061035156,478.42999267578125,2575300,0.0,0.0,481.6114990234375,486.2785992431641,481.864780514059,35.60130731820067
2024-05-29 00:00:00-04:00,472.7799987792969,482.7900085449219,472.6000061035156,477.6000061035156,2214800,0.0,0.0,482.35,485.55339965820315,481.4586115225787,38.26026251175461
2024-05-30 00:00:00-04:00,464.8999938964844,466.82000732421875,444.8399963378906,445.8699951171875,5606900,0.0,0.0,481.1739990234375,484.04699951171875,478.06921948397,24.09855900968182
2024-05-31 00:00:00-04:00,447.7200012207031,448.2300109863281,433.9700012207031,444.760009765625,7487500,0.0,0.0,479.5834991455078,482.5593994140625,474.8969137965086,23.846657374566206
2024-06-03 00:00:00-04:00,447.5799865722656,449.8399963378906,436.5799865722656,439.0199890136719,3967700,0.0,0.0,477.22549896240236,481.11479919433594,471.4800638171908,21.24688684288354
2024-06-04 00:00:00-04:00,442.82000732421875,450.1199951171875,441.5899963378906,448.3699951171875,3183600,0.0,0.0,474.96449890136716,480.09179931640625,469.279104893381,32.51330065121722
2024-06-05 00:00:00-04:00,449.19000244140625,458.6000061035156,448.3699951171875,455.79998779296875,3295000,0.0,0.0,473.14099884033203,479.0631988525391,467.9953794552465,30.78422134913204
2024-06-06 00:00:00-04:00,457.70001220703125,467.8500061035156,456.8699951171875,458.1300048828125,3235000,0.0,0.0,471.6424987792969,478.073798828125,467.05581997215756,33.876221498371336
2024-06-07 00:00:00-04:00,458.1300048828125,468.92999267578125,458.1300048828125,465.42999267578125,2684200,0.0,0.0,470.78149871826173,477.2943988037109,466.9009792772646,39.221556886227546
2024-06-10 00:00:00-04:00,453.8399963378906,462.2300109863281,451.510009765625,459.94000244140625,3212400,0.0,0.0,469.66399841308595,476.40119873046876,466.23802910242097,35.894217764692144
2024-06-11 00:00:00-04:00,456.9100036621094,462.739990234375,455.5,462.69000244140625,2723700,0.0,0.0,468.64299926757815,475.6131988525391,465.900121801372,39.06891423354169
2024-06-12 00:00:00-04:00,470.0,471.1199951171875,459.1600036621094,459.8699951171875,3647400,0.0,0.0,467.83899841308596,474.82639892578123,465.3258240219258,36.38832528324924
2024-06-13 00:00:00-04:00,457.8699951171875,462.3900146484375,453.5,458.739990234375,8558000,0.0,0.0,466.5084976196289,474.0609985351563,464.6986017564448,36.17954591334369
2024-06-14 00:00:00-04:00,530.25,534.4500122070312,521.8800048828125,525.3099975585938,14846600,0.0,0.0,468.62999725341797,474.8249987792969,470.47111564236377,66.89930854678197
2024-06-17 00:00:00-04:00,525.510009765625,525.9400024414062,505.3800048828125,518.739990234375,7163800,0.0,0.0,470.39549713134767,475.4973986816406,475.0681513177934,63.33443302932191
2024-06-18 00:00:00-04:00,514.7100219726562,530.3699951171875,513.1300048828125,522.25,4225900,0.0,0.0,472.2734970092773,476.25679870605467,479.5616607160988,64.5127673659805
2024-06-20 00:00:00-04:00,527.6699829101562,533.22998046875,520.4000244140625,522.9500122070312,5752400,0.0,0.0,474.3284973144531,476.86479919433594,483.69388466761615,81.38435930010398
2024-06-21 00:00:00-04:00,530.3099975585938,535.0,524.719970703125,533.4400024414062,6614100,0.0,0.0,476.8039978027344,477.78919921875,488.4316101698819,83.54514928164356
2024-06-24 00:00:00-04:00,532.0999755859375,534.5800170898438,523.47998046875,524.1699829101562,3067800,0.0,0.0,478.8469970703125,478.58699890136717,491.83526471657467,81.37202894480191
2024-06-25 00:00:00-04:00,526.2000122070312,529.6799926757812,522.239990234375,526.8800048828125,3144200,0.0,0.0,481.41949768066405,479.64279907226563,495.17285901812113,80.41371665932121
2024-06-26 00:00:00-04:00,528.5800170898438,530.6599731445312,526.010009765625,528.6599731445312,2931700,0.0,0.0,483.9309967041016,480.8139984130859,498.36210798254115,79.51707965030656
2024-06-27 00:00:00-04:00,533.2100219726562,549.1599731445312,532.0999755859375,546.760009765625,4734100,0.0,0.0,487.38899688720704,482.22479858398435,502.9714319618825,81.83776293691268
2024-06-28 00:00:00-04:00,549.7000122070312,558.47998046875,548.010009765625,555.5399780273438,5084500,0.0,0.0,492.8724960327148,483.84659790039063,507.9779601585931,82.02884666283109
2024-07-01 00:00:00-04:00,551.3699951171875,561.2100219726562,549.72998046875,560.010009765625,3070200,0.0,0.0,498.63499603271487,485.5831982421875,512.9333934545009,85.82883855828625
2024-07-02 00:00:00-04:00,560.0,570.1400146484375,560.0,567.7100219726562,3054500,0.0,0.0,505.0694976806641,487.6369989013672,518.1502152181347,86.31395179998717
2024-07-03 00:00:00-04:00,564.2899780273438,571.8300170898438,564.0,570.1500244140625,1664400,0.0,0.0,511.1584991455078,489.7021990966797,523.1025779986993,88.23324031212466
2024-07-05 00:00:00-04:00,570.9099731445312,580.5499877929688,568.9199829101562,578.3400268554688,2808600,0.0,0.0,517.2855010986328,491.81099975585937,528.3632874136297,89.52933805056377
2024-07-08 00:00:00-04:00,573.1799926757812,576.75,563.9199829101562,575.4000244140625,3007400,0.0,0.0,523.1490020751953,493.7766003417969,532.8429766517662,78.57386082326701
2024-07-09 00:00:00-04:00,573.0499877929688,575.010009765625,562.4600219726562,566.02001953125,2167600,0.0,0.0,528.1785034179687,495.6282006835938,536.0026950212408,76.13308971471523
2024-07-10 00:00:00-04:00,564.7100219726562,566.9299926757812,558.2100219726562,564.5499877929688,2368400,0.0,0.0,533.4090026855469,497.36800048828127,538.7214848090244,73.91989231539165
2024-07-11 00:00:00-04:00,564.0,572.6199951171875,557.0900268554688,557.6300048828125,3189200,0.0,0.0,538.1560028076171,499.05920043945315,540.5222962446234,68.32204403118052
2024-07-12 00:00:00-04:00,555.0999755859375,562.489990234375,552.3200073242188,559.0499877929688,2014000,0.0,0.0,543.1150024414062,500.98360046386716,542.2868382968467,64.96433615315482
2024-07-15 00:00:00-04:00,560.22998046875,568.22998046875,560.22998046875,565.7100219726562,1887800,0.0,0.0,548.4635040283204,502.9100006103516,544.5176176945429,75.03616049816881
2024-07-16 00:00:00-04:00,564.5999755859375,570.0999755859375,562.0800170898438,566.5399780273438,1539900,0.0,0.0,550.5250030517578,504.70940002441404,546.6149853452858,74.4573043815374
2024-07-17 00:00:00-04:00,563.9299926757812,565.0,556.4600219726562,563.0900268554688,2316300,0.0,0.0,552.7425048828125,506.24760070800784,548.1840369176842,70.80365783138217
2024-07-18 00:00:00-04:00,564.1799926757812,564.260009765625,556.0700073242188,556.8499755859375,2184700,0.0,0.0,554.4725036621094,507.51280029296873,549.0093644098988,57.11663403537955
2024-07-19 00:00:00-04:00,557.0499877929688,561.0900268554688,548.9600219726562,551.0,2601900,0.0,0.0,555.8750030517579,508.6874005126953,549.1989487518132,46.659817128097444
2024-07-22 00:00:00-04:00,558.6500244140625,560.1900024414062,552.7100219726562,554.8200073242188,2391700,0.0,0.0,556.9440032958985,510.02180053710936,549.7342876634708,46.14470165677221
2024-07-23 00:00:00-04:00,556.489990234375,557.25,544.4400024414062,546.010009765625,2363900,0.0,0.0,558.0360046386719,511.2890008544922,549.3795945303426,34.14205084242275
2024-07-24 00:00:00-04:00,543.7999877929688,544.7100219726562,530.3499755859375,531.0399780273438,2630100,0.0,0.0,558.2440032958984,512.2640002441407,547.6329643871999,25.843088024067214
2024-07-25 00:00:00-04:00,536.7999877929688,542.280029296875,527.5900268554688,532.1500244140625,2136500,0.0,0.0,558.418505859375,513.2448010253906,546.1583986754725,18.735638736927683
2024-07-26 00:00:00-04:00,535.3499755859375,545.5,533.3300170898438,542.4400024414062,2090000,0.0,0.0,558.202505493164,514.5746008300781,545.8042657007995,29.709425576891718
2024-07-29 00:00:00-04:00,544.2999877929688,544.2999877929688,535.1900024414062,536.6099853515625,1590600,0.0,0.0,557.256005859375,515.5998004150391,544.9286199532531,31.067324874700006
2024-07-30 00:00:00-04:00,541.8499755859375,543.6699829101562,530.9500122070312,538.7100219726562,1566900,0.0,0.0,556.1910064697265,516.7164007568359,544.3363725265297,33.49939354633524
2024-07-31 00:00:00-04:00,547.0499877929688,555.5499877929688,543.77001953125,551.6500244140625,2776000,0.0,0.0,555.3880065917969,518.0808013916015,545.0329108015328,46.45399927614911
2024-08-01 00:00:00-04:00,549.989990234375,561.97998046875,540.239990234375,546.4099731445312,2075400,0.0,0.0,554.2010040283203,519.3152008056641,545.164059596104,42.82959210242036
2024-08-02 00:00:00-04:00,535.780029296875,536.8400268554688,519.6799926757812,526.1699829101562,2729100,0.0,0.0,551.5925018310547,520.2016003417968,543.3550999117281,30.56429266606743
2024-08-05 00:00:00-04:00,504.2300109863281,515.9000244140625,500.0,509.32000732421875,3432200,0.0,0.0,548.2885009765625,520.7094006347656,540.1136625224415,25.700732068671996
2024-08-06 00:00:00-04:00,513.6900024414062,519.1599731445312,509.010009765625,514.2000122070312,2076300,0.0,0.0,545.6975006103515,521.3272009277343,537.6456958257357,29.487309499079117
2024-08-07 00:00:00-04:00,520.9500122070312,531.010009765625,512.8599853515625,513.6199951171875,1663700,0.0,0.0,543.1510009765625,522.0910009765626,535.357533853493,30.957655598870815
2024-08-08 00:00:00-04:00,520.5900268554688,531.0700073242188,519.5599975585938,530.239990234375,2155100,0.0,0.0,541.7815002441406,523.1272009277344,534.8701487469103,41.64789810068333
2024-08-09 00:00:00-04:00,528.02001953125,537.280029296875,528.02001953125,536.2999877929688,1272600,0.0,0.0,540.6440002441407,524.3012005615234,535.006323894154,42.68099952433926
2024-08-12 00:00:00-04:00,536.0399780273438,538.0800170898438,525.77001953125,530.9299926757812,1450300,0.0,0.0,538.9049987792969,526.0024005126953,534.6181018733566,43.87390313630492
2024-08-13 00:00:00-04:00,530.9299926757812,537.719970703125,527.9000244140625,535.219970703125,3063900,0.0,0.0,537.338998413086,527.8115997314453,534.6754227142869,51.859425933296876
2024-08-14 00:00:00-04:00,536.6199951171875,542.9199829101562,533.2000122070312,539.7899780273438,1915600,0.0,0.0,536.1739959716797,529.8269995117188,535.1625232202923,53.29706134752465
2024-08-15 00:00:00-04:00,545.1900024414062,557.219970703125,545.010009765625,554.1599731445312,2182400,0.0,0.0,536.0394958496094,531.9427990722656,536.9718041654579,54.88576142258553
2024-08-16 00:00:00-04:00,552.3499755859375,554.760009765625,547.7999877929688,553.4600219726562,1541600,0.0,0.0,536.1624969482422,533.8959997558594,538.5421106232864,57.33822706184375
2024-08-19 00:00:00-04:00,550.5900268554688,563.77001953125,550.5900268554688,563.1199951171875,1423300,0.0,0.0,536.5774963378906,535.9957995605469,540.8828615274674,59.97384419941255
2024-08-20 00:00:00-04:00,564.47998046875,568.1799926757812,559.6099853515625,562.25,1219600,0.0,0.0,537.3894958496094,537.9321997070313,542.91782709628,54.805069186134666
2024-08-21 00:00:00-04:00,562.1300048828125,566.5999755859375,557.9099731445312,565.7899780273438,1401700,0.0,0.0,539.1269958496093,540.04919921875,545.0961271849527,58.92266621705165
2024-08-22 00:00:00-04:00,567.0700073242188,572.0,555.6500244140625,557.4400024414062,1627700,0.0,0.0,540.3914947509766,541.94419921875,546.271734352234,66.16692773844521
2024-08-23 00:00:00-04:00,565.4500122070312,566.52001953125,552.5,558.2999877929688,2023500,0.0,0.0,541.1844940185547,543.9127990722657,547.4172822989707,80.33948978990014
2024-08-26 00:00:00-04:00,555.030029296875,560.260009765625,555.030029296875,559.4400024414062,1387500,0.0,0.0,542.3259948730469,545.9267993164062,548.562303264917,79.38430335908052
2024-08-27 00:00:00-04:00,554.4000244140625,569.52001953125,554.3400268554688,567.8200073242188,1404400,0.0,0.0,543.781494140625,546.7769995117187,550.3963703181838,81.96515129590153
2024-08-28 00:00:00-04:00,568.219970703125,569.5900268554688,557.6699829101562,560.5399780273438,1289700,0.0,0.0,544.2259918212891,547.6129992675782,551.3624281952466,70.08220827228325
2024-08-29 00:00:00-04:00,567.0499877929688,578.4000244140625,567.0499877929688,569.6300048828125,1955600,0.0,0.0,545.3869934082031,548.5605993652343,553.1021974035862,71.23745091008368
2024-08-30 00:00:00-04:00,572.2000122070312,575.6500244140625,568.2899780273438,574.4099731445312,1983000,0.0,0.0,547.7989929199218,549.5897985839844,555.1315093789143,77.91477009116102
2024-09-03 00:00:00-04:00,576.2999877929688,586.7000122070312,566.7899780273438,571.0399780273438,2757900,0.0,0.0,550.8849914550781,550.3417980957031,556.6466016311457,73.27186454872707
2024-09-04 00:00:00-04:00,568.8699951171875,578.8599853515625,565.760009765625,575.25,1615800,0.0,0.0,553.9374908447265,551.3633984375,558.4183538567509,73.14625426190804
2024-09-05 00:00:00-04:00,570.75,573.3900146484375,562.530029296875,567.9299926757812,1573600,0.0,0.0,556.6529907226562,552.1843981933594,559.3242242204681,59.89937744952637
2024-09-06 00:00:00-04:00,570.9000244140625,573.3099975585938,558.0,563.4099731445312,2096800,0.0,0.0,558.311489868164,552.8793981933594,559.713343165617,56.78066773480276
2024-09-09 00:00:00-04:00,567.6900024414062,574.5700073242188,564.4400024414062,569.8800048828125,1997100,0.0,0.0,559.9904907226562,553.3417980957031,560.6815966624927,54.816190219423746
2024-09-10 00:00:00-04:00,576.75,577.7999877929688,567.1400146484375,574.47998046875,2030100,0.0,0.0,562.1679901123047,553.7205981445312,561.9957284535648,58.27355893180681
2024-09-11 00:00:00-04:00,573.010009765625,581.239990234375,559.3499755859375,580.3800048828125,2681000,0.0,0.0,564.425991821289,554.127998046875,563.7466119230169,59.56471184186414
2024-09-12 00:00:00-04:00,581.4500122070312,587.75,572.97998046875,586.5499877929688,5605300,0.0,0.0,566.7639923095703,554.5047973632812,565.9183620058694,69.64499312953706
2024-09-13 00:00:00-04:00,532.5700073242188,540.27001953125,526.5999755859375,536.8699951171875,10423500,0.0,0.0,565.8994934082032,553.8391967773438,563.1518508736141,41.28224876958961
2024-09-16 00:00:00-04:00,537.4000244140625,537.6900024414062,521.260009765625,521.5,5248200,0.0,0.0,564.3014923095703,552.7023962402344,559.1850079332698,36.16742689826841
2024-09-17 00:00:00-04:00,524.2899780273438,527.0999755859375,514.5800170898438,515.030029296875,5164100,0.0,0.0,561.8969940185547,551.4949963378906,554.9797718726609,30.481416170452448
2024-09-18 00:00:00-04:00,517.010009765625,517.5800170898438,506.489990234375,508.1300048828125,3997300,0.0,0.0,559.1909942626953,550.3371960449218,550.5178893021991,30.567312231514407
2024-09-19 00:00:00-04:00,518.8099975585938,527.47998046875,518.02001953125,526.4400024414062,3582500,0.0,0.0,557.2234954833984,549.5749963378906,548.2247572202189,35.0107585737084
2024-09-20 00:00:00-04:00,526.4400024414062,528.6300048828125,515.719970703125,522.2999877929688,6100700,0.0,0.0,555.4664947509766,548.8683959960938,545.7557315604807,31.834356188493587
2024-09-23 00:00:00-04:00,525.7100219726562,532.0,524.9600219726562,527.8699951171875,2107000,0.0,0.0,553.9449951171875,548.2447961425781,544.052328089691,35.178203883230665
2024-09-24 00:00:00-04:00,527.719970703125,530.2999877929688,521.7100219726562,524.0700073242188,2842100,0.0,0.0,552.1764953613281,547.4119958496094,542.1492499215507,32.37846664018812
2024-09-25 00:00:00-04:00,526.02001953125,526.1799926757812,516.239990234375,517.9000244140625,3211600,0.0,0.0,549.6804962158203,546.4391967773438,539.8397998732185,32.63692450950944
2024-09-26 00:00:00-04:00,520.510009765625,521.3599853515625,512.1099853515625,515.3800048828125,3282400,0.0,0.0,547.4224975585937,545.4849963378906,537.5102955884179,33.096372990215556
2024-09-27 00:00:00-04:00,516.52001953125,516.6799926757812,512.2999877929688,515.47998046875,2718300,0.0,0.0,544.7149963378906,544.6575964355469,535.4121703389258,29.95576861145645
2024-09-30 00:00:00-04:00,513.8300170898438,518.469970703125,511.739990234375,517.780029296875,2587000,0.0,0.0,541.8834991455078,543.9931970214843,533.7329188111114,28.748148127813266
2024-10-01 00:00:00-04:00,517.4500122070312,519.0,502.5,502.79998779296875,3730000,0.0,0.0,538.4714996337891,542.9527966308593,530.7869253808121,22.775128266748567
2024-10-02 00:00:00-04:00,503.8699951171875,510.19000244140625,502.82000732421875,505.80999755859375,1981600,0.0,0.0,534.9994995117188,542.1487963867188,528.4081703501247,21.02356064522347
2024-10-03 00:00:00-04:00,501.0199890136719,509.80999755859375,498.5899963378906,503.79998779296875,1921600,0.0,0.0,531.7929992675781,541.6039965820313,526.0645339161098,31.958550741045343
2024-10-04 00:00:00-04:00,507.2900085449219,508.55999755859375,503.5899963378906,507.2200012207031,1949300,0.0,0.0,528.9835006713868,541.1053961181641,524.2698165165473,41.04141769856407
2024-10-07 00:00:00-04:00,503.9599914550781,504.8699951171875,486.3999938964844,487.29998779296875,4870500,0.0,0.0,524.8544998168945,540.0025958251953,520.7488804476351,35.11540638931916
2024-10-08 00:00:00-04:00,492.45001220703125,500.0,486.3999938964844,496.239990234375,3551600,0.0,0.0,520.9425003051758,539.1951959228516,518.4147004273246,43.75459654589813
2024-10-09 00:00:00-04:00,495.8800048828125,495.8800048828125,492.32000732421875,494.0799865722656,2869400,0.0,0.0,516.6274993896484,538.3025952148438,516.0971086316047,29.529376016173046
2024-10-10 00:00:00-04:00,490.5400085449219,506.45001220703125,489.3500061035156,503.57000732421875,2775100,0.0,0.0,512.4785003662109,537.3409948730468,514.9040513642346,38.902743142144644
2024-10-11 00:00:00-04:00,504.7799987792969,507.9800109863281,494.8999938964844,495.4200134277344,2992400,0.0,0.0,510.40600128173827,536.321195678711,513.0484287036155,31.344178631970877
2024-10-14 00:00:00-04:00,501.79998779296875,514.260009765625,500.4100036621094,509.6499938964844,3411500,0.0,0.0,509.8135009765625,535.9907958984375,512.7247682457935,42.59753785475467
2024-10-15 00:00:00-04:00,513.8200073242188,517.77001953125,506.79998779296875,508.0299987792969,3605700,0.0,0.0,509.46349945068357,535.9649957275391,512.2776473442224,44.684969300049005
2024-10-16 00:00:00-04:00,506.3900146484375,506.8399963378906,500.25,502.5400085449219,1859100,0.0,0.0,509.1839996337891,535.7317956542969,511.35025317286045,43.29994620733013
2024-10-17 00:00:00-04:00,506.510009765625,507.5,495.2300109863281,496.8299865722656,2769200,0.0,0.0,507.70349884033203,535.3959954833985,509.96737063947046,40.806483689832575
2024-10-18 00:00:00-04:00,491.2900085449219,499.0,491.04998779296875,494.8999938964844,2011100,0.0,0.0,506.3334991455078,534.6891955566406,508.5323823782337,38.67998455098041
2024-10-21 00:00:00-04:00,494.6000061035156,500.6499938964844,492.9599914550781,497.7099914550781,1679700,0.0,0.0,504.8254989624023,533.9173956298828,507.5016784807903,47.13691430329218
2024-10-22 00:00:00-04:00,496.42999267578125,497.3399963378906,488.3599853515625,493.1099853515625,2388700,0.0,0.0,503.27749786376955,533.1609954833984,506.13104103991145,42.98187092095722
2024-10-23 00:00:00-04:00,492.0,493.8299865722656,483.3900146484375,485.0299987792969,2021300,0.0,0.0,501.6339965820313,532.1571960449219,504.121417967472,40.279655383751766
2024-10-24 00:00:00-04:00,486.6300048828125,488.4700012207031,480.05999755859375,482.8699951171875,2100300,0.0,0.0,500.00849609375,531.0187963867188,502.0974729341116,37.22321129185518
2024-10-25 00:00:00-04:00,483.4200134277344,488.3399963378906,482.5199890136719,483.7200012207031,2426800,0.0,0.0,498.42049713134764,529.6099969482422,500.3472375328346,47.651543876324936
2024-10-28 00:00:00-04:00,487.6499938964844,488.489990234375,480.4800109863281,481.0400085449219,2302300,0.0,0.0,496.58349609375,528.1615966796875,498.50845381970004,39.13666127359867
2024-10-29 00:00:00-04:00,481.9200134277344,487.55999755859375,479.3299865722656,485.3900146484375,2089500,0.0,0.0,495.71299743652344,526.6069970703124,497.25907866053217,43.9778429251873
2024-10-30 00:00:00-04:00,482.239990234375,492.20001220703125,482.239990234375,486.67999267578125,2728600,0.0,0.0,494.7564971923828,525.0955969238281,496.25154666198443,36.79434906600391
2024-10-31 00:00:00-04:00,486.0,486.04998779296875,477.3800048828125,478.0799865722656,2978700,0.0,0.0,493.47049713134766,523.3413970947265,494.520921891535,36.537238574619785
2024-11-01 00:00:00-04:00,475.4100036621094,485.1600036621094,475.04998779296875,482.79998779296875,2851600,0.0,0.0,492.24949645996094,521.8485968017578,493.40464245357634,25.541980446282878
2024-11-04 00:00:00-05:00,479.0299987792969,483.760009765625,477.3699951171875,481.3500061035156,1954900,0.0,0.0,491.9519973754883,520.3095971679687,492.25658184880865,25.621338669450722
2024-11-05 00:00:00-05:00,483.0899963378906,486.6600036621094,480.4700012207031,486.4200134277344,1588100,0.0,0.0,491.46099853515625,518.8491973876953,491.7007181896587,35.156538912449946
2024-11-06 00:00:00-05:00,492.92999267578125,506.2099914550781,492.92999267578125,504.8299865722656,2969900,0.0,0.0,491.9984985351563,517.5893969726562,492.9511247022879,55.970154692377974
2024-11-07 00:00:00-05:00,510.6600036621094,510.6600036621094,495.29998779296875,500.9200134277344,2640300,0.0,0.0,491.86599884033205,516.3969976806641,493.7100664856638,54.363602901164164
2024-11-08 00:00:00-05:00,503.8299865722656,505.0,493.69000244140625,494.67999267578125,2856900,0.0,0.0,491.82899780273436,514.8979974365234,493.8024404085321,47.90774673382422
2024-11-11 00:00:00-05:00,493.6000061035156,507.7200012207031,493.6000061035156,504.4800109863281,3536600,0.0,0.0,491.57049865722655,513.4993981933594,494.81935189213175,57.32510775137498
2024-11-12 00:00:00-05:00,504.3900146484375,528.9099731445312,504.2699890136719,526.4199829101562,4125300,0.0,0.0,492.48999786376953,512.6069982910157,497.8289357986103,72.62491046069329
2024-11-13 00:00:00-05:00,523.7899780273438,539.9199829101562,520.5900268554688,532.5,3470200,0.0,0.0,493.9879974365234,511.75199829101564,501.1309419130284,76.01427246941363
2024-11-14 00:00:00-05:00,530.5499877929688,534.6400146484375,523.4600219726562,529.8699951171875,3098800,0.0,0.0,495.6399978637695,510.99079833984376,503.8679945991388,73.747049761861
2024-11-15 00:00:00-05:00,520.2999877929688,524.5,498.80999755859375,503.3699951171875,4612400,0.0,0.0,496.06349792480466,509.78999877929687,503.8205660770482,59.228032898156904
2024-11-18 00:00:00-05:00,505.0,505.510009765625,497.69000244140625,499.510009765625,2259700,0.0,0.0,496.153498840332,508.3825988769531,503.41003690453175,55.85892210339918
2024-11-19 00:00:00-05:00,496.0,502.4100036621094,495.4599914550781,499.6099853515625,1961700,0.0,0.0,496.478498840332,506.88519897460935,503.0481272328204,55.418657092840405
2024-11-20 00:00:00-05:00,505.4100036621094,506.3599853515625,494.6099853515625,499.5,1874900,0.0,0.0,497.2019989013672,505.2675988769531,502.7102103535041,59.664333923472476
2024-11-21 00:00:00-05:00,502.1000061035156,508.57000732421875,493.1000061035156,504.44000244140625,2002100,0.0,0.0,498.28049926757814,503.6253991699219,502.87495245711386,59.744250191559516
2024-11-22 00:00:00-05:00,502.5,513.3699951171875,502.5,512.1500244140625,2287200,0.0,0.0,499.7020004272461,503.13099975585936,503.75829264348994,63.128742339707856
2024-11-25 00:00:00-05:00,519.0900268554688,523.2100219726562,513.1900024414062,518.72998046875,3320000,0.0,0.0,501.5864990234375,503.0755993652344,505.18416767446706,63.59733717802209
2024-11-26 00:00:00-05:00,519.9500122070312,525.760009765625,516.3599853515625,525.2999877929688,2415700,0.0,0.0,503.5819976806641,503.28099853515624,507.0999600667053,59.5681091272915
2024-11-27 00:00:00-05:00,523.2100219726562,525.8800048828125,508.7200012207031,513.6799926757812,2324200,0.0,0.0,504.93199768066404,503.3919982910156,507.72662983899824,55.56329938025453
2024-11-29 00:00:00-05:00,517.6500244140625,517.6500244140625,513.5800170898438,515.9299926757812,1450200,0.0,0.0,506.82449798583986,503.18179809570313,508.5079024901204,59.598884835438234
2024-12-02 00:00:00-05:00,512.8499755859375,518.77001953125,511.5299987792969,516.2000122070312,2006900,0.0,0.0,508.49449920654297,503.0597985839844,509.24048436792145,55.792807368388345
2024-12-03 00:00:00-05:00,511.0400085449219,516.780029296875,504.510009765625,516.260009765625,2119300,0.0,0.0,510.23999938964846,502.8275988769531,509.9090105962742,43.59234535072518
2024-12-04 00:00:00-05:00,523.02001953125,541.77001953125,521.010009765625,536.489990234375,3307000,0.0,0.0,512.7434982299804,503.07599853515626,512.4405324665695,52.135284787386105
2024-12-05 00:00:00-05:00,534.4199829101562,540.1099853515625,529.7899780273438,538.219970703125,2629100,0.0,0.0,514.4129974365235,503.4823974609375,514.8957170605272,54.512041477298965
2024-12-06 00:00:00-05:00,544.1500244140625,554.3699951171875,542.9000244140625,552.9600219726562,2964100,0.0,0.0,517.0149978637695,504.2339978027344,518.5208889569204,80.6983114630838
2024-12-09 00:00:00-05:00,556.0999755859375,557.9000244140625,546.1099853515625,547.9299926757812,3588700,0.0,0.0,519.6774978637695,504.882998046875,521.3217559777643,79.54599796648802
2024-12-10 00:00:00-05:00,547.3499755859375,552.8300170898438,544.219970703125,547.0499877929688,2762900,0.0,0.0,521.8059967041015,505.46839721679686,523.7720637696885,78.67503882947129
2024-12-11 00:00:00-05:00,547.0499877929688,552.2999877929688,541.739990234375,549.9299926757812,6690600,0.0,0.0,522.9814971923828,506.41099731445314,526.2632950940783,79.49465576806512
2024-12-12 00:00:00-05:00,487.5,494.0,470.8999938964844,474.6300048828125,17344900,0.0,0.0,520.0879974365234,505.7873974609375,521.3458388834816,40.43632000194247
2024-12-13 00:00:00-05:00,473.9800109863281,474.9100036621094,456.79998779296875,465.69000244140625,11395500,0.0,0.0,516.8789978027344,505.02519775390624,516.0452830318554,35.21135188504503
2024-12-16 00:00:00-05:00,467.19000244140625,473.6199951171875,461.20001220703125,461.5299987792969,5807000,0.0,0.0,514.7869979858399,504.1113977050781,510.85335119827846,31.507837268328643
2024-12-17 00:00:00-05:00,460.5899963378906,465.8599853515625,452.4800109863281,455.2300109863281,7514500,0.0,0.0,512.572998046875,503.4699981689453,505.5558902257118,27.30748225013653
2024-12-18 00:00:00-05:00,453.239990234375,455.25,441.1000061035156,441.30999755859375,6511100,0.0,0.0,509.6579986572266,502.3713983154297,499.4372337812244,26.90664184075318
2024-12-19 00:00:00-05:00,443.4100036621094,449.0,437.1099853515625,437.3900146484375,6479500,0.0,0.0,506.55249938964846,501.23759887695314,493.52797481619706,25.202085431464397
2024-12-20 00:00:00-05:00,433.0199890136719,451.4200134277344,432.4700012207031,447.1700134277344,8220000,0.0,0.0,503.68899993896486,500.10959899902343,489.1129308744387,29.439450694585204
2024-12-23 00:00:00-05:00,447.0,451.42999267578125,443.4200134277344,446.739990234375,3781200,0.0,0.0,500.41849822998046,499.13599853515626,485.07741271824216,29.339039959077724
2024-12-24 00:00:00-05:00,446.5,448.8699951171875,442.57000732421875,447.94000244140625,1685000,0.0,0.0,496.8789993286133,497.9017987060547,481.54051650140065,20.32707642541412
2024-12-26 00:00:00-05:00,445.8500061035156,452.3399963378906,444.67999267578125,450.1600036621094,2131200,0.0,0.0,493.1220001220703,496.74439880371096,478.55189623099193,20.587873745788542
2024-12-27 00:00:00-05:00,446.8800048828125,449.9100036621094,441.1099853515625,446.4800109863281,2947200,0.0,0.0,489.76200103759766,495.6231988525391,475.49743096959537,11.598392852936982
2024-12-30 00:00:00-05:00,442.94000244140625,447.6000061035156,438.57000732421875,445.79998779296875,3473200,0.0,0.0,486.25550079345703,494.60259887695315,472.6691030480119,11.974095176456046
2024-12-31 00:00:00-05:00,446.3500061035156,448.5,442.80999755859375,444.67999267578125,2285100,0.0,0.0,482.6794998168945,493.59819885253904,470.0034734887518,11.952734399811277
2025-01-02 00:00:00-05:00,447.760009765625,450.1199951171875,440.55999755859375,441.0,2504700,0.0,0.0,478.91649932861327,492.4639990234375,467.2412379183945,9.7539426144223
2025-01-03 00:00:00-05:00,429.45001220703125,433.29998779296875,425.32000732421875,430.57000732421875,5617000,0.0,0.0,473.6205001831055,491.2131994628906,463.74873976656824,18.734044976815127
2025-01-06 00:00:00-05:00,431.8800048828125,436.4100036621094,427.7900085449219,431.17999267578125,3994400,0.0,0.0,468.2685012817383,490.1361993408203,460.6469543293504,22.227581640532136
2025-01-07 00:00:00-05:00,431.3699951171875,435.17999267578125,420.510009765625,422.6300048828125,4181400,0.0,0.0,461.7520004272461,488.9313995361328,457.0262924772992,20.76067324027275
2025-01-08 00:00:00-05:00,417.3399963378906,422.6600036621094,415.510009765625,419.5799865722656,3508800,0.0,0.0,455.3345001220703,487.6485992431641,453.4599776292008,21.827079651481355
2025-01-10 00:00:00-05:00,410.0,413.1000061035156,405.32000732421875,405.9200134277344,5564300,0.0,0.0,448.2780014038086,486.1461993408203,448.93236199096594,21.91715935063067
2025-01-13 00:00:00-05:00,404.2699890136719,409.9599914550781,403.75,408.5,4558800,0.0,0.0,441.20650177001954,484.60839904785155,445.0816608489692,26.576923419513633
2025-01-14 00:00:00-05:00,407.25,412.75,405.07000732421875,412.7099914550781,3577100,0.0,0.0,438.1105010986328,483.1289990234375,441.99864471621765,19.28695457285164
2025-01-15 00:00:00-05:00,421.70001220703125,423.9700012207031,415.6600036621094,417.2799987792969,4345800,0.0,0.0,435.6900009155273,481.91299926757813,439.6444879603205,25.54779950586213
2025-01-16 00:00:00-05:00,418.2099914550781,428.8900146484375,418.0,426.92999267578125,4185600,0.0,0.0,433.9600006103516,480.79559936523435,438.4335836475072,34.70663292506947
2025-01-17 00:00:00-05:00,434.3500061035156,435.989990234375,425.70001220703125,429.989990234375,4012700,0.0,0.0,432.69799957275393,479.7683990478516,437.62943189387556,35.49544693829807
2025-01-21 00:00:00-05:00,433.260009765625,439.9800109863281,431.5,436.3599853515625,3833300,0.0,0.0,432.4504989624023,478.76719848632814,437.5085322231791,42.99360702268284
2025-01-22 00:00:00-05:00,438.0,439.7300109863281,433.42999267578125,437.32000732421875,3391600,0.0,0.0,432.4469985961914,477.4169989013672,437.49057747089716,44.1517326843116
2025-01-23 00:00:00-05:00,435.8800048828125,437.7300109863281,432.489990234375,437.2799987792969,2716700,0.0,0.0,431.9524978637695,476.1441986083984,437.4705223574114,44.819379145054306
2025-01-24 00:00:00-05:00,437.2799987792969,441.8800048828125,434.7300109863281,435.3800048828125,2631800,0.0,0.0,431.3844985961914,474.95819885253906,437.2714254550687,45.96496348317807
2025-01-27 00:00:00-05:00,430.2300109863281,445.45001220703125,430.1199951171875,438.6000061035156,5086300,0.0,0.0,430.91749877929686,473.64059875488283,437.39795694539697,56.43120586790373
2025-01-28 00:00:00-05:00,436.2699890136719,445.80999755859375,431.6400146484375,442.8399963378906,5376400,0.0,0.0,430.55149841308594,471.9689990234375,437.91624641134877,58.82531749892477
2025-01-29 00:00:00-05:00,439.9200134277344,444.3599853515625,438.8299865722656,441.67999267578125,2997600,0.0,0.0,430.3114974975586,470.1525988769531,438.2746984365328,66.23486734446539
2025-01-30 00:00:00-05:00,439.6700134277344,448.4200134277344,439.2300109863281,446.0,3290100,0.0,0.0,430.32149810791014,468.4751989746094,439.0104414425773,72.03872689605944
2025-01-31 00:00:00-05:00,446.9800109863281,447.010009765625,435.8299865722656,437.45001220703125,4689100,0.0,0.0,429.95999908447266,467.15679931640625,438.8618291344301,78.7525136794813
2025-02-03 00:00:00-05:00,437.79998779296875,442.739990234375,430.8800048828125,438.6000061035156,3348700,0.0,0.0,429.8399993896484,465.93859924316405,438.8368936076763,78.18352953547554
2025-02-04 00:00:00-05:00,435.42999267578125,443.5799865722656,434.260009765625,440.2300109863281,2647700,0.0,0.0,430.32299957275393,464.75099975585937,438.96957145326223,77.07596966257724
2025-02-05 00:00:00-05:00,440.75,444.95001220703125,436.2699890136719,437.6300048828125,2937800,0.0,0.0,430.64550018310547,463.51359985351564,438.84199368464795,70.82907222201051
2025-02-06 00:00:00-05:00,437.6300048828125,439.9599914550781,434.3500061035156,435.3999938964844,2568100,0.0,0.0,431.28399963378905,462.1327996826172,438.5141841810133,60.222057058926225
2025-02-07 00:00:00-05:00,436.239990234375,441.0,432.4100036621094,433.07000732421875,2693500,0.0,0.0,431.95850067138673,460.5511993408203,437.99569114703286,53.78380364381273
2025-02-10 00:00:00-05:00,439.25,453.3699951171875,439.0,451.1000061035156,3946700,0.0,0.0,434.2175003051758,459.19859985351565,439.2437211428884,64.07564580269775
2025-02-11 00:00:00-05:00,449.0,461.54998779296875,448.2900085449219,458.82000732421875,3257000,0.0,0.0,436.7335006713867,457.86900024414064,441.1081293506341,68.18335738812458
2025-02-12 00:00:00-05:00,458.0,463.0,451.29998779296875,462.760009765625,3308500,0.0,0.0,439.2360015869141,456.8506005859375,443.17021319968086,70.21581674728661
2025-02-13 00:00:00-05:00,465.2099914550781,465.70001220703125,457.0299987792969,459.2200012207031,2794400,0.0,0.0,441.3330017089844,455.7164007568359,444.6987644397782,68.43488631896011
2025-02-14 00:00:00-05:00,463.3500061035156,464.989990234375,458.0,460.1600036621094,2623000,0.0,0.0,442.99450225830077,454.5956005859375,446.1712634133335,67.28117655577016
2025-02-18 00:00:00-05:00,462.6499938964844,464.3299865722656,453.07000732421875,464.1099853515625,2973800,0.0,0.0,444.7005020141602,453.55260009765624,447.87971312173624,67.12835421822355
2025-02-19 00:00:00-05:00,463.6099853515625,463.6099853515625,455.32000732421875,456.989990234375,2965500,0.0,0.0,445.7320022583008,451.96260009765626,448.7473585610351,61.249081781742554
2025-02-20 00:00:00-05:00,457.44000244140625,461.0,451.57000732421875,454.69000244140625,2337600,0.0,0.0,446.60050201416016,450.29200073242185,449.31332464488,56.58034728031539
2025-02-21 00:00:00-05:00,453.2799987792969,453.75,440.69000244140625,444.32000732421875,3376000,0.0,0.0,446.95250244140624,448.11920043945315,448.83777061434085,55.06263639585699
2025-02-24 00:00:00-05:00,445.1099853515625,446.2799987792969,440.9100036621094,444.4200134277344,2807900,0.0,0.0,447.40450286865234,446.0490008544922,448.41703183466404,54.35629370341842
2025-02-25 00:00:00-05:00,443.4700012207031,447.489990234375,439.1700134277344,443.4100036621094,2612700,0.0,0.0,447.645002746582,443.976201171875,447.94017200870644,52.40253326361048
2025-02-26 00:00:00-05:00,443.79998779296875,447.6499938964844,438.3999938964844,441.5,1947600,0.0,0.0,447.5780029296875,441.8076013183594,447.32682229359153,52.95464627749797
2025-02-27 00:00:00-05:00,441.7900085449219,444.57000732421875,436.82000732421875,437.19000244140625,2340200,0.0,0.0,447.35350341796874,441.0588012695313,446.3614108790977,51.32455909378524
2025-02-28 00:00:00-05:00,438.1600036621094,440.3699951171875,432.1000061035156,438.55999755859375,3936900,0.0,0.0,446.98150329589845,440.516201171875,445.6184191342878,54.12099642823763
2025-03-03 00:00:00-05:00,440.6499938964844,448.0899963378906,438.2099914550781,440.7200012207031,2607700,0.0,0.0,447.145002746582,440.1000012207031,445.1519031425178,39.77137674360417
2025-03-04 00:00:00-05:00,439.25,448.82000732421875,434.70001220703125,446.0299987792969,2942200,0.0,0.0,447.5165023803711,439.9160009765625,445.23553129840155,36.76804045269331
2025-03-05 00:00:00-05:00,443.6499938964844,453.260009765625,443.1099853515625,451.239990234375,2406200,0.0,0.0,448.06700134277344,440.11460083007813,445.807384530399,38.38707136932933
2025-03-06 00:00:00-05:00,444.7300109863281,452.19000244140625,441.19000244140625,444.7799987792969,2732100,0.0,0.0,448.4245010375977,440.2624005126953,445.7095382683893,36.25284286688817
2025-03-07 00:00:00-05:00,442.0,452.510009765625,440.989990234375,449.3999938964844,3039500,0.0,0.0,449.12450103759767,440.3070001220703,446.06101023296975,40.42702925780317
2025-03-10 00:00:00-04:00,443.1099853515625,444.5400085449219,433.2300109863281,435.0799865722656,4001600,0.0,0.0,449.225,440.0738000488281,445.0151984557598,28.195877352024993
2025-03-11 00:00:00-04:00,432.8800048828125,441.3299865722656,431.0,433.6600036621094,3145200,0.0,0.0,448.3529998779297,439.7882000732422,443.933751332555,30.8362081974865
2025-03-12 00:00:00-04:00,436.69000244140625,443.8999938964844,435.5,438.6000061035156,5515900,0.0,0.0,447.34199981689454,439.5570001220703,443.425775596456,37.3327022553031
2025-03-13 00:00:00-04:00,405.2699890136719,405.7699890136719,374.5,377.8399963378906,14386600,0.0,0.0,443.0959991455078,438.18419982910154,437.179510905164,20.81649932011976
2025-03-14 00:00:00-04:00,379.75,396.3599853515625,377.79998779296875,394.739990234375,6134800,0.0,0.0,439.8719985961914,437.1629998779297,433.1376517936603,30.994632688089993
2025-03-17 00:00:00-04:00,394.1199951171875,399.94000244140625,387.1300048828125,399.3399963378906,4258500,0.0,0.0,436.8309982299805,436.2561999511719,429.9188274645394,33.591475711149
2025-03-18 00:00:00-04:00,395.3599853515625,395.95001220703125,384.57000732421875,391.3699951171875,4297300,0.0,0.0,433.1939987182617,435.26359985351564,426.2475100981249,32.14107103562783
2025-03-19 00:00:00-04:00,394.1000061035156,395.260009765625,387.0,387.8900146484375,4349900,0.0,0.0,429.73899993896487,434.41,422.5944152933928,32.33228122901534
2025-03-20 00:00:00-04:00,386.8999938964844,397.82000732421875,385.79998779296875,389.6099853515625,4009500,0.0,0.0,426.48499908447263,433.57859985351564,419.45304101321847,32.50159602623286
2025-03-21 00:00:00-04:00,384.1300048828125,389.8500061035156,382.45001220703125,387.260009765625,7607300,0.0,0.0,423.63199920654296,432.8711999511719,416.3870380372572,30.915312247588673
2025-03-24 00:00:00-04:00,392.4700012207031,396.8599853515625,391.3800048828125,394.4700012207031,5223000,0.0,0.0,421.1344985961914,432.36900024414064,414.29970119758536,31.839942971901706
2025-03-25 00:00:00-04:00,393.57000732421875,404.32000732421875,392.989990234375,403.6400146484375,3648600,0.0,0.0,419.1459991455078,432.3234002685547,413.28449295480937,33.689692615545226
2025-03-26 00:00:00-04:00,403.0,404.5,397.010009765625,397.80999755859375,3425000,0.0,0.0,416.9614990234375,432.1096002197266,411.8107314885031,33.83577046252768
2025-03-27 00:00:00-04:00,397.44000244140625,401.4800109863281,392.510009765625,396.1499938964844,2729700,0.0,0.0,414.9094985961914,431.77840026855466,410.3192326702156,31.293467139292957
2025-03-28 00:00:00-04:00,393.8900146484375,396.9200134277344,384.760009765625,385.7099914550781,3830300,0.0,0.0,412.2669982910156,431.1470001220703,407.9754954116311,32.17045412464667
2025-03-31 00:00:00-04:00,380.0,384.79998779296875,374.6700134277344,383.5299987792969,3960700,0.0,0.0,409.4074981689453,430.2790002441406,405.6473528752183,31.99482115172816
2025-04-01 00:00:00-04:00,381.1300048828125,384.0,375.5299987792969,383.20001220703125,3847800,0.0,0.0,406.26599884033203,429.34320068359375,403.5095109068195,29.420499069168145
2025-04-02 00:00:00-04:00,378.2799987792969,388.0,376.5400085449219,385.7799987792969,2859100,0.0,0.0,402.9929992675781,428.33160095214845,401.8209859422936,55.19498204564623
2025-04-03 00:00:00-04:00,371.8800048828125,376.010009765625,366.2900085449219,367.25,5324400,0.0,0.0,399.11649932861326,426.9302008056641,398.5285110906466,32.38948364443958
2025-04-04 00:00:00-04:00,359.0,361.7300109863281,348.79998779296875,349.07000732421875,5867600,0.0,0.0,394.1,425.1660009765625,393.8181773986058,22.569007659876064
2025-04-07 00:00:00-04:00,335.5400085449219,358.3599853515625,332.010009765625,340.70001220703125,7690900,0.0,0.0,389.3810012817383,423.27240112304685,388.7593045232178,22.470914924745557
2025-04-08 00:00:00-04:00,350.1000061035156,350.739990234375,333.8299865722656,340.0,6650800,0.0,0.0,384.6980010986328,421.30040100097654,384.11556123529226,23.170841793347464
2025-04-09 00:00:00-04:00,338.739990234375,365.7200012207031,333.42999267578125,364.6400146484375,7186300,0.0,0.0,381.00000152587893,419.7364013671875,382.2607472746394,38.86958433294718
2025-04-10 00:00:00-04:00,360.9700012207031,362.5,341.5199890136719,350.04998779296875,5695000,0.0,0.0,379.6105010986328,417.90380126953124,379.1930558954327,35.045409633553675
2025-04-11 00:00:00-04:00,351.44000244140625,353.1000061035156,342.3500061035156,352.4700012207031,3941800,0.0,0.0,377.4970016479492,416.0332012939453,376.64800306926793,32.4444155307408
2025-04-14 00:00:00-04:00,359.510009765625,362.04998779296875,348.5,350.9100036621094,3286000,0.0,0.0,375.0755020141602,414.3024011230469,374.1967650304909,26.461926603629905
2025-04-15 00:00:00-04:00,351.04998779296875,356.489990234375,349.19000244140625,350.3800048828125,3030400,0.0,0.0,373.02600250244143,412.53800109863283,371.9285021592834,27.77622392021675
2025-04-16 00:00:00-04:00,345.0,350.3800048828125,341.30999755859375,344.19000244140625,3687900,0.0,0.0,370.8410018920898,410.61720092773436,369.2867402813904,26.645099891279088
2025-04-17 00:00:00-04:00,349.75,351.8800048828125,345.0899963378906,348.79998779296875,5206500,0.0,0.0,368.80050201416014,408.8406005859375,367.3356209967788,32.49217228925255
2025-04-21 00:00:00-04:00,344.57000732421875,346.67999267578125,338.6400146484375,343.2200012207031,3691200,0.0,0.0,366.59850158691404,406.9970007324219,365.03889530381923,31.4768870218534
2025-04-22 00:00:00-04:00,349.1400146484375,352.0799865722656,344.3699951171875,349.9100036621094,3250400,0.0,0.0,364.37050170898436,405.3338006591797,363.59804848079926,35.54744956862824
2025-04-23 00:00:00-04:00,358.1199951171875,363.0,349.79998779296875,351.9599914550781,3168000,0.0,0.0,361.78650054931643,403.35100036621094,362.4896620973973,35.24947531281579
2025-04-24 00:00:00-04:00,353.5899963378906,361.1199951171875,353.25,360.9100036621094,3085100,0.0,0.0,359.9415008544922,401.39280029296873,362.33921843689365,46.98267911498466
2025-04-25 00:00:00-04:00,361.70001220703125,369.30999755859375,359.989990234375,367.7200012207031,3499300,0.0,0.0,358.52000122070314,399.4920001220703,362.8516739401136,59.953029851451205
2025-04-28 00:00:00-04:00,368.04998779296875,370.989990234375,364.5799865722656,368.6199951171875,3163400,0.0,0.0,357.6655014038086,397.68,363.4010378617397,66.19112307619339
2025-04-29 00:00:00-04:00,367.2099914550781,373.8800048828125,366.8800048828125,370.9800109863281,2198300,0.0,0.0,357.03800201416016,395.8964001464844,364.12284482598625,67.6263077530522
2025-04-30 00:00:00-04:00,366.8699951171875,376.0,363.55999755859375,374.9800109863281,3305500,0.0,0.0,356.627001953125,394.1138006591797,365.15686065078074,57.68887057310306
2025-05-01 00:00:00-04:00,378.29998779296875,380.44000244140625,374.07000732421875,374.6300048828125,2848800,0.0,0.0,356.06950225830076,392.46660095214844,366.05906486335516,73.18869536777711
2025-05-02 00:00:00-04:00,380.0899963378906,383.55999755859375,379.19000244140625,380.8699951171875,2340700,0.0,0.0,356.75050201416013,390.9902008056641,367.4696296494344,74.9912051118307
2025-05-05 00:00:00-04:00,379.2900085449219,384.5400085449219,378.3999938964844,381.05999755859375,2095600,0.0,0.0,358.3500015258789,389.7250006103516,368.76395040268767,77.18665811770597
2025-05-06 00:00:00-04:00,376.57000732421875,386.5199890136719,375.04998779296875,382.9800109863281,2970100,0.0,0.0,360.46400146484376,388.49620056152344,370.11786093446295,78.67699525323847
2025-05-07 00:00:00-04:00,384.70001220703125,387.8299865722656,380.95001220703125,384.9700012207031,2153000,0.0,0.0,362.7125015258789,387.3274005126953,371.53235048553347,88.73481294933582
2025-05-08 00:00:00-04:00,388.29998779296875,388.7300109863281,383.3999938964844,383.989990234375,3383900,0.0,0.0,363.6800003051758,386.1772003173828,372.71879236637557,85.90083190116815
2025-05-09 00:00:00-04:00,386.17999267578125,388.7699890136719,382.3299865722656,383.2799987792969,2031300,0.0,0.0,365.3415008544922,385.0990002441406,373.72462154855856,95.37832381531824
2025-05-12 00:00:00-04:00,394.3299865722656,397.82000732421875,392.760009765625,395.94000244140625,3157700,0.0,0.0,367.51500091552737,384.24660034179686,375.84037210978215,95.9289405330678
2025-05-13 00:00:00-04:00,395.8999938964844,399.6700134277344,394.7099914550781,397.3999938964844,2664100,0.0,0.0,369.8395004272461,383.3802001953125,377.8936694228014,95.88043671179388
2025-05-14 00:00:00-04:00,396.8500061035156,400.1199951171875,396.4200134277344,399.4700012207031,2409200,0.0,0.0,372.29400024414065,382.4490002441406,379.9485581654587,95.2157414537928
2025-05-15 00:00:00-04:00,399.3500061035156,404.8500061035156,399.3500061035156,404.69000244140625,2763800,0.0,0.0,375.3190002441406,381.51800048828125,382.30488619173934,95.0304320707264
2025-05-16 00:00:00-04:00,414.6199951171875,421.7699890136719,412.05999755859375,417.1300048828125,5391500,0.0,0.0,378.7355010986328,380.9650006103516,385.6215641623178,96.12092127176821
2025-05-19 00:00:00-04:00,413.5299987792969,421.2699890136719,413.20001220703125,420.67999267578125,3008000,0.0,0.0,382.6085006713867,380.3906005859375,388.960462115981,96.20675234059843
2025-05-20 00:00:00-04:00,417.8699951171875,419.1300048828125,414.2900085449219,417.6099853515625,2453000,0.0,0.0,385.9934997558594,380.04120056152345,391.68898813841736,90.3310969176961
2025-05-21 00:00:00-04:00,414.8599853515625,422.95001220703125,412.5899963378906,414.0299987792969,2495800,0.0,0.0,389.0970001220703,379.6486004638672,393.81670343754877,85.12839098642871
2025-05-22 00:00:00-04:00,412.510009765625,417.8999938964844,412.510009765625,414.3299865722656,1889500,0.0,0.0,391.76799926757815,379.1632000732422,395.77034945037894,83.36657563328255
2025-05-23 00:00:00-04:00,409.1099853515625,411.45001220703125,407.1499938964844,407.69000244140625,2087700,0.0,0.0,393.7664993286133,379.7602001953125,396.90555449714344,73.52891055577726
2025-05-27 00:00:00-04:00,412.760009765625,414.95001220703125,411.6000061035156,413.1000061035156,2680400,0.0,0.0,395.99049987792966,380.1274005126953,398.44788322155983,75.06659216742013
2025-05-28 00:00:00-04:00,413.80999755859375,416.3699951171875,411.4200134277344,412.2300109863281,2246500,0.0,0.0,398.05299987792966,380.38520080566406,399.76046681820446,73.11739130434782
2025-05-29 00:00:00-04:00,414.0,415.4200134277344,410.4700012207031,413.3599853515625,1780400,0.0,0.0,399.9719985961914,380.82500061035154,401.0556590594767,74.84353977512683
2025-05-30 00:00:00-04:00,414.1400146484375,417.8599853515625,411.5299987792969,415.0899963378906,4231300,0.0,0.0,401.9949981689453,381.36900024414064,402.39226260980183,76.45104545514526
2025-06-02 00:00:00-04:00,408.8800048828125,410.0,396.7300109863281,403.3999938964844,4153700,0.0,0.0,403.12149810791016,381.6448004150391,402.48823701805736,56.30493466002735
2025-06-03 00:00:00-04:00,403.4599914550781,412.6400146484375,402.4800109863281,412.489990234375,2737500,0.0,0.0,404.69299774169923,382.14940002441404,403.4407849434209,61.29660742410694
2025-06-04 00:00:00-04:00,411.5400085449219,415.94000244140625,410.0799865722656,413.9100036621094,1843400,0.0,0.0,406.23949737548827,382.5382000732422,404.4378533928198,60.91624778408268
2025-06-05 00:00:00-04:00,415.0,421.4800109863281,413.9800109863281,415.20001220703125,2275500,0.0,0.0,407.75099792480466,382.76940002441404,405.4628208989352,58.44720813776431
2025-06-06 00:00:00-04:00,417.5400085449219,419.6499938964844,415.2799987792969,416.9200134277344,2146900,0.0,0.0,409.39749908447266,383.1516003417969,406.5539820921542,49.79608504625648
2025-06-09 00:00:00-04:00,417.29998779296875,419.0,415.1499938964844,416.260009765625,3034200,0.0,0.0,411.04649963378904,383.5538006591797,407.47836568010376,45.45269019493583
2025-06-10 00:00:00-04:00,416.6099853515625,419.82000732421875,414.4200134277344,416.05999755859375,2627400,0.0,0.0,412.05249938964846,384.16080078125,408.29566395424564,48.305282686455605
2025-06-11 00:00:00-04:00,415.20001220703125,416.0400085449219,410.4200134277344,412.8399963378906,3385400,0.0,0.0,412.8244995117187,384.7470007324219,408.7284575145928,48.68855789125329
2025-06-12 00:00:00-04:00,411.42999267578125,416.3900146484375,410.7699890136719,413.67999267578125,6313300,0.0,0.0,413.53499908447264,385.3566003417969,409.2000322918488,49.292099929605506
2025-06-13 00:00:00-04:00,392.5,399.8500061035156,383.75,391.67999267578125,10629700,0.0,0.0,412.8844985961914,385.47460021972654,407.53145709031855,36.93487460252947
2025-06-16 00:00:00-04:00,392.989990234375,405.0,391.1099853515625,401.7300109863281,6798300,0.0,0.0,412.1144989013672,386.1642004394531,406.97893841374804,41.374609906748034
2025-06-17 00:00:00-04:00,397.2799987792969,399.6700134277344,381.79998779296875,382.67999267578125,6866300,0.0,0.0,410.21449890136716,386.8364001464844,404.6647531053702,32.4295408793368
2025-06-18 00:00:00-04:00,383.989990234375,385.2699890136719,377.5400085449219,378.0400085449219,4801300,0.0,0.0,408.23600006103516,387.5832000732422,402.1290631472323,29.840211337550286
